step,lr,loss,sisnr_db,mrstft_mag,mrstft_sc,ri,mel,event_ce,evwin_sisnr_db,gain_hinge,event_acc,event_recall,sec_per_step,val_sisnr,val_sisnri,val_stoi
50,2.5500000000000003e-05,7.093924961090088,-35.48204418182373,0.2682019782066345,0.7942952990531922,0.38020774006843566,4.627770848274231,1.1172179532051087,-36.40898639678955,0.3234317409992218,0.16049000819562934,0.9912036681175231,0.8150480699539184,,,
100,5.05e-05,7.107389392852784,-35.79574005126953,0.27023751348257063,0.7999115216732026,0.37756241917610167,4.694518327713013,1.096174545288086,-35.293678817749026,0.3566203731298447,0.384450017362833,0.5333761546411552,0.5003741598129272,,,
150,7.549999999999999e-05,6.907367849349976,-34.39713409423828,0.25991510212421415,0.772626713514328,0.3620020234584808,4.584760198593139,1.042462989091873,-35.83388572692871,0.4360846281051636,0.7062975335121154,0.0009497495600953698,0.49900354862213137,,,
200,0.0001005,6.1129662132263185,-30.344076499938964,0.22513621866703035,0.6611323535442353,0.32717020988464357,4.048422122001648,1.0210449719429016,-31.564949684143066,0.6238492262363434,0.6790500336885452,0.0,0.49906670570373535,,,
250,0.0001255,4.67089690208435,-20.142555255889892,0.2016376969218254,0.5909754800796508,0.30514578640460965,3.6274847030639648,1.0122578239440918,-23.59803174972534,0.7073821425437927,0.6774400353431702,0.0016515970753971487,0.49877062797546384,,,
300,0.0001505,3.539953646659851,-11.257371129989624,0.19716472715139388,0.5940510988235473,0.2991776919364929,3.6089495468139647,0.985803394317627,-16.054185009002687,0.6818167555332184,0.6873925352096557,0.0005346784269204363,0.5001896715164185,,,
350,0.0001755,2.8176058864593507,-6.211075959205627,0.1927981549501419,0.5740241527557373,0.30273578584194183,3.498569531440735,0.9536546742916108,-10.67979504108429,0.6530211079120636,0.6756850308179856,0.1910970024531707,0.4943714141845703,,,
400,0.00020050000000000002,2.3749678897857667,-3.690662144422531,0.1840374854207039,0.5444194316864014,0.305903936624527,3.328491797447205,0.9551017677783966,-6.719134652614594,0.63741246342659,0.6561950308084488,0.35440398678183554,0.4907445240020752,,,
450,0.0002255,2.2074057173728945,-2.2921643024683,0.1797118729352951,0.5409560471773147,0.29912818372249605,3.2639509773254396,0.9368928015232086,-6.765660359859466,0.6191004300117493,0.658267531991005,0.44130493521690367,0.4942625427246094,,,
500,0.0002505,2.0680515146255494,-1.367724115550518,0.1792596870660782,0.5343770927190781,0.3044655078649521,3.2547585344314576,0.9309220790863038,-5.536935797631741,0.5993246352672577,0.6597250324487686,0.4580749547481537,0.49993635654449464,,,
