step,lr,loss,sisnr_loss,stft,ri,kw,val_sisnr,val_sisnr_in,val_stoi,val_pesq_nb,val_pesq_nb_in,sec_per_step
200,6.0299999999999995e-05,3.38048688352108,0.8226257097060443,2.108383406996727,0.3177517334371805,0.708304449422285,,,,,,1.6585615754127503
400,0.0001203,2.026734573543072,0.3393865181299043,1.4736848947405816,0.24426611922681332,0.28076664835214615,,,,,,1.4056942021846772
600,0.0001803,1.6787825191020966,0.230792137417302,1.3072210443019867,0.2266519620269537,0.14554747991322073,,,,,,1.4009997272491455
800,0.00024029999999999999,1.529143149405718,0.20796432241797447,1.216834761798382,0.2165332742780447,0.07876816184842028,,,,,,1.438897087574005
1000,0.0003003,1.3944886319339276,0.15347224820638075,1.1358471003174782,0.2063107344508171,0.08655209314805688,,,,,,1.4349155914783478
1200,0.0003603,1.1103077192604542,0.019170537177706136,1.0421914505958556,0.19568005532026292,-0.01951659171434585,,,,,,1.0305759274959565
1400,0.00042029999999999997,1.0976018203794957,0.04108585580135696,0.9925893098115921,0.19312794767320157,0.01197653920040466,,,,,,0.7703952491283417
1600,0.00048029999999999997,0.9496135930716991,-0.01484501353581436,0.9516681084036827,0.1850901459902525,-0.08547308845285442,,,,,,0.7704379987716675
1800,0.0005403,0.8739899978786707,-0.05567776196519844,0.9140372341871261,0.18030592620372773,-0.07692251420172397,,,,,,0.7672513794898986
2000,0.0006,0.8675755523517727,-0.04434241974464385,0.8909423369169235,0.17540860645473003,-0.06329388817423023,,,,,,0.7674175810813904
2200,0.0005999985146766375,0.8468292785063386,-0.03932729612512048,0.8769107335805892,0.17583677895367145,-0.08701038399944082,,,,,,0.767790858745575
2400,0.0005999940587215073,0.6899319204688072,-0.11090444703120739,0.815478767156601,0.16962324105203153,-0.13105873909778892,,,,,,0.7673830652236938
2600,0.0005999866321794809,0.6490271171182393,-0.11676812146324664,0.7787564799189568,0.16338881462812424,-0.12395576657028869,,,,,,0.7698756456375122
2800,0.0005999762351253435,0.5226965284347534,-0.14474365844507703,0.7631842994689941,0.15844705566763878,-0.2865564599575009,,,,,,0.7680390667915344
3000,0.0005999628676637931,0.5160380353033542,-0.17828242529649288,0.7283615890145302,0.15640572153031826,-0.16192568959202616,,,,,,0.7678861045837402
3200,0.0005999465299294401,0.46220930010080336,-0.20181777075631543,0.7209403228759765,0.1557019989937544,-0.20724771256151142,,,,,,0.7683567345142365
3400,0.0005999272220868051,0.44482049617916347,-0.19648175697482656,0.7043358838558197,0.15143273882567881,-0.2169269051417359,,,,,,0.767484039068222
3600,0.0005999049443303181,0.45740733357146385,-0.15949520619076793,0.6853661021590233,0.14873631075024604,-0.2261689181966358,,,,,,0.7678838539123535
3800,0.0005998796968843158,0.5290278940275311,-0.10727244201945724,0.700728080868721,0.1511455162987113,-0.2195428025443107,,,,,,0.7679148018360138
4000,0.0005998514800030396,0.2925792080909014,-0.25112977482378485,0.6442287330329418,0.1432614028453827,-0.2869963390918997,4.517062763489473,-4.324751731706783,0.5775097997187904,1.5952982399612665,1.3401443995535374,
4200,0.0005998202939706333,0.338963389005512,-0.22161179847782478,0.653811112344265,0.1467200769111514,-0.2745039014110807,,,,,,1.0136675572395324
4400,0.0005997861391011397,0.29382551964372394,-0.2375121012388263,0.6376352873444557,0.1414886436238885,-0.2974885162641294,,,,,,0.7675353121757508
4600,0.0005997490157384981,0.203976693097502,-0.2699883697729092,0.6129957777261734,0.13859549801796675,-0.36121873720316217,,,,,,0.7674293518066406
4800,0.0005997089242565403,0.34640051735565064,-0.18455080192070455,0.6254101324081421,0.14120297994464637,-0.2736394165456295,,,,,,0.7674381875991821
5000,0.0005996658650589873,0.24239547704346479,-0.26260217011207715,0.6069578246772289,0.13773993905633689,-0.2865643206425011,,,,,,0.7680851316452026
5200,0.0005996198385794445,0.274964545853436,-0.22649349073530176,0.6103425152599812,0.13623818941414356,-0.29951187417609615,,,,,,0.7681605768203735
5400,0.000599570845281398,0.25258629457093773,-0.24819609625730663,0.593663550466299,0.13549815073609353,-0.26706121329742016,,,,,,0.7694239330291748
5600,0.0005995188856582099,0.19592119384557008,-0.25290046917274595,0.5821461153030395,0.13178816944360733,-0.3457218076600111,,,,,,0.7673612797260284
5800,0.0005994639602331131,0.2054728848300874,-0.23538653876748866,0.5798884263634682,0.13286171231418847,-0.3577750390348956,,,,,,0.7660742330551148
6000,0.0005994060695592059,0.15268335573375225,-0.31091543634422125,0.5639383311569691,0.1323666639253497,-0.2800990793853998,,,,,,0.7663646960258483
6200,0.0005993452142194466,0.12653923004865647,-0.30791165645598084,0.572762846648693,0.13078718964010477,-0.35509623222367737,,,,,,0.7678725898265839
6400,0.0005992813948266481,0.2051715785637498,-0.24336015900596977,0.5764403292536735,0.12907588712871074,-0.33326272044563665,,,,,,0.769714173078537
6600,0.0005992146120234708,0.1303503180667758,-0.2669209742944804,0.5648851768672466,0.12886069886386395,-0.41254419254139063,,,,,,0.7670843923091888
6800,0.0005991448664824168,0.11388838851824402,-0.29822405784390865,0.5596830736100674,0.13020575512200594,-0.373264717226848,,,,,,0.7673728919029236
7000,0.0005990721589058229,0.09295718370005489,-0.31257577808573844,0.5554315142333508,0.1293914358317852,-0.377431974002975,,,,,,0.7673727333545685
7200,0.0005989964900258537,0.07562929802341387,-0.3396646262091235,0.5559097802639008,0.12793420404195785,-0.35799223534879276,,,,,,0.7671271824836731
7400,0.0005989178606044939,0.05225527981296182,-0.3354246926936321,0.5455560217797756,0.12840411014854908,-0.39279456524061973,,,,,,0.7672053265571595
7600,0.000598836271433541,0.15975294118747116,-0.27299715870060026,0.5498225592076779,0.12746023688465358,-0.31062106797588057,,,,,,0.7665779495239258
7800,0.0005987517233345968,0.08850572230294347,-0.31440266981488096,0.5489363606274128,0.12654585365206003,-0.36798345391638576,,,,,,0.7692210829257965
8000,0.0005986642171590599,0.22292971407994627,-0.19567569069913587,0.5559834043681622,0.12838549252599477,-0.35178729868493974,5.4698567248948775,-4.324751731706783,0.6030809701558116,1.626290824264288,1.3401443995535374,
8200,0.0005985737537881165,0.10243769256398082,-0.3204080727649853,0.5483772629499435,0.12678454983979465,-0.32713373124599454,,,,,,1.0123367309570312
8400,0.0005984803341327318,0.08524904243648052,-0.2990925963316113,0.5390436780452729,0.1267310544103384,-0.3854427073406987,,,,,,0.7678713142871857
8600,0.0005983839591336405,0.028608314618468286,-0.3469840691052377,0.5310649949312211,0.12534685391932726,-0.3861533404095098,,,,,,0.7675034701824188
8800,0.0005982846297613381,0.09680996609851718,-0.3032646614057012,0.5398134723305702,0.12517428152263166,-0.3545822611881886,,,,,,0.7697670722007751
9000,0.0005981823470160699,0.11960357442498207,-0.2941689122840762,0.5374327971041203,0.126287874057889,-0.3230933467159048,,,,,,0.7834900152683258
